{
  "f1": 0.8348944427651404,
  "precision": 0.9999999678456603,
  "recall": 0.7165898452398654,
  "roc_auc": 0.8582949308755761,
  "TP": 311,
  "TN": 28271,
  "FP": 0,
  "FN": 123,
  "threshold": 41.18522262573242,
  "Hit@100%": 0.6270787200510703,
  "Hit@150%": 0.8684541265186426,
  "NDCG@100%": 0.645261813423609,
  "NDCG@150%": 0.7962593111909037,
  "Hit@100%_elev": 0.5792766373411534,
  "Hit@150%_elev": 0.8102778941488619,
  "NDCG@100%_elev": 0.6010678587640519,
  "NDCG@150%_elev": 0.7454582474524161,
  "method": "pot",
  "machine": "machine-3-7",
  "n_anomaly_segments": 1
}