{
  "threshold": 41.18522262573242,
  "method": "pot",
  "details": {
    "q": 1e-05,
    "level": 0.99995,
    "scale": 1.06
  },
  "feature_baselines": [
    0.01425326056778431,
    0.015914984047412872,
    0.010560955852270126,
    0.011676772497594357,
    0.0023425412364304066,
    0.028925668448209763,
    0.06985060125589371,
    0.0002010082098422572,
    0.0036657562013715506,
    0.00036062425351701677,
    0.0001542082754895091,
    0.0027305646799504757,
    0.00017039339581970125,
    0.008037473075091839,
    0.008440518751740456,
    0.0018085859483107924,
    0.0002261011250084266,
    0.00011234670819249004,
    0.004365469329059124,
    0.005996185354888439,
    0.004529180005192757,
    0.005381037946790457,
    0.0015196593012660742,
    0.0006202378426678479,
    0.003006594255566597,
    0.0007342912722378969,
    0.00012661446817219257,
    0.004569665994495153,
    0.0003540556353982538,
    0.0001775413693394512,
    0.005164390429854393,
    0.00047398274182341993,
    5.0004840886686e-05,
    0.010616052895784378,
    0.005926630459725857,
    0.006103997118771076,
    0.00018242229998577386,
    0.0001747926726238802
  ]
}