{
  "f1": 0.9101858174654691,
  "precision": 0.9989785393362764,
  "recall": 0.8358974287530134,
  "roc_auc": 0.9179265194049425,
  "TP": 978,
  "TN": 22523,
  "FP": 1,
  "FN": 192,
  "threshold": 0.09339220754589916,
  "Hit@100%": 0.34760147260147256,
  "Hit@150%": 0.43984459984459984,
  "NDCG@100%": 0.37349291621437186,
  "NDCG@150%": 0.4302084844518546,
  "Hit@100%_elev": 0.3151557701557702,
  "Hit@150%_elev": 0.4438770488770489,
  "NDCG@100%_elev": 0.3298427776827142,
  "NDCG@150%_elev": 0.4089439461327921,
  "method": "pot",
  "machine": "machine-2-1",
  "n_anomaly_segments": 9
}