{
  "threshold": 0.09339220754589916,
  "method": "pot",
  "details": {
    "q": 1e-05,
    "level": 0.99995,
    "scale": 1.06
  },
  "feature_baselines": [
    0.006903022062033415,
    0.0021673361770808697,
    0.0031443589832633734,
    0.005528845824301243,
    0.00902856420725584,
    0.01893938146531582,
    0.00989602506160736,
    0.0003215597243979573,
    0.0004161904798820615,
    0.0005160917644388974,
    0.0002836858620867133,
    0.0026583026628941298,
    0.00018266367260366678,
    0.004407997243106365,
    0.000417592324083671,
    0.004231991712003946,
    0.00019966998661402613,
    0.00023369185510091484,
    0.016722338274121284,
    0.01257939450442791,
    0.007942372001707554,
    0.010136821307241917,
    0.005773956421762705,
    0.009437241591513157,
    0.005856458097696304,
    0.010066346265375614,
    0.0002599303552415222,
    0.003222896484658122,
    0.00018230506975669414,
    0.0008690041140653193,
    0.0034534616861492395,
    0.005932333879172802,
    0.00040726899169385433,
    0.02461492456495762,
    0.003532576374709606,
    0.004143537022173405,
    0.0005215704441070557,
    0.0004228438774589449
  ]
}