{
  "f1": 0.932349503128646,
  "precision": 0.8732809401660742,
  "recall": 0.9999999962504686,
  "roc_auc": 0.9925034867503486,
  "TP": 2667,
  "TN": 25425,
  "FP": 387,
  "FN": 0,
  "threshold": 0.061974986639905374,
  "Hit@100%": 0.43739362648793323,
  "Hit@150%": 0.5660118378059885,
  "NDCG@100%": 0.43010823656527636,
  "NDCG@150%": 0.5067708753167243,
  "Hit@100%_elev": 0.36179283753125335,
  "Hit@150%_elev": 0.48656194761369115,
  "NDCG@100%_elev": 0.37297149944640906,
  "NDCG@150%_elev": 0.4479659607760226,
  "method": "pot",
  "machine": "machine-1-1",
  "n_anomaly_segments": 121
}