{
  "threshold": 0.061974986639905374,
  "method": "pot",
  "details": {
    "q": 1e-05,
    "level": 0.99995,
    "scale": 1.06
  },
  "feature_baselines": [
    0.003964255563914776,
    0.014213871210813522,
    0.006938755512237549,
    0.0069207679480314255,
    0.0001188696114695631,
    0.0014126341557130218,
    0.0068627288565039635,
    0.00011385387188056484,
    0.008419187739491463,
    0.0002273184509249404,
    0.005848030559718609,
    0.0077316355891525745,
    0.0053832512348890305,
    0.016818078234791756,
    0.00595653522759676,
    0.0059132445603609085,
    0.00019075647287536412,
    0.0002975328534375876,
    0.0041589378379285336,
    0.0038172281347215176,
    0.0026653993409126997,
    0.002554302103817463,
    0.01033813040703535,
    0.016089074313640594,
    0.0018431744538247585,
    0.013634638860821724,
    0.00013261294225230813,
    0.0030544009059667587,
    0.00026449665892869234,
    0.008475630544126034,
    0.0026783482171595097,
    0.0035611018538475037,
    0.010923884809017181,
    0.0003422425070311874,
    0.0036411327309906483,
    0.0037526804953813553,
    9.08149522729218e-05,
    0.00024288895656354725
  ]
}