{
  "f1": 0.9581831520044621,
  "precision": 0.9235936110529503,
  "recall": 0.9954751041133475,
  "roc_auc": 0.995724104043164,
  "TP": 1100,
  "TN": 22507,
  "FP": 91,
  "FN": 5,
  "threshold": 0.011643672361969948,
  "Hit@100%": 0.010150829562594268,
  "Hit@150%": 0.011221719457013573,
  "NDCG@100%": 0.011326230669827138,
  "NDCG@150%": 0.011941766082696597,
  "Hit@100%_elev": 0.04855203619909502,
  "Hit@150%_elev": 0.09307692307692307,
  "NDCG@100%_elev": 0.049750254512929915,
  "NDCG@150%_elev": 0.0756639341090071,
  "method": "percentile",
  "machine": "machine-3-2",
  "n_anomaly_segments": 94
}