{
  "threshold": 0.011643672361969948,
  "method": "percentile",
  "details": {
    "percentile": 99.0
  },
  "feature_baselines": [
    0.014729230664670467,
    0.015682050958275795,
    0.008234502747654915,
    0.008531047962605953,
    0.00011653147521428764,
    0.00881938822567463,
    0.006620916537940502,
    6.71619491185993e-05,
    0.0002707111998461187,
    0.00020807646797038615,
    7.038856711005792e-05,
    0.0021976125426590443,
    0.00030249860719777644,
    0.00011175528925377876,
    0.0007593159098178148,
    0.0036570390220731497,
    0.00010846770601347089,
    0.00012510856322478503,
    0.047083780169487,
    0.00841797050088644,
    0.009474191814661026,
    0.010415716096758842,
    0.0020951644983142614,
    0.03217114508152008,
    0.0058088223449885845,
    0.03663157299160957,
    0.00015515091945417225,
    0.01065449882298708,
    7.028224354144186e-05,
    0.0034896712750196457,
    0.008336507715284824,
    0.01022596936672926,
    0.00483747199177742,
    0.001034214859828353,
    0.006757437251508236,
    0.011113625951111317,
    5.0299455324420705e-05,
    0.0002153117529815063
  ]
}