{
  "machines": {
    "machine-1-1": {
      "f1": 0.932349503128646,
      "precision": 0.8732809401660742,
      "recall": 0.9999999962504686,
      "roc_auc": 0.9925034867503486,
      "TP": 2667,
      "TN": 25425,
      "FP": 387,
      "FN": 0,
      "threshold": 0.061974986639905374,
      "Hit@100%": 0.43739362648793323,
      "Hit@150%": 0.5660118378059885,
      "NDCG@100%": 0.43010823656527636,
      "NDCG@150%": 0.5067708753167243,
      "method": "pot",
      "machine": "machine-1-1"
    },
    "machine-2-1": {
      "f1": 0.968324710780978,
      "precision": 0.9832599032311903,
      "recall": 0.9538461456936227,
      "roc_auc": 0.976501304591342,
      "TP": 1116,
      "TN": 22505,
      "FP": 19,
      "FN": 54,
      "threshold": 0.02297315745325467,
      "Hit@100%": 0.34760147260147256,
      "Hit@150%": 0.43984459984459984,
      "NDCG@100%": 0.37349291621437186,
      "NDCG@150%": 0.4302084844518546,
      "method": "pot",
      "machine": "machine-2-1"
    },
    "machine-3-2": {
      "f1": 0.9632174136525603,
      "precision": 0.9329940548516196,
      "recall": 0.9954751041133475,
      "roc_auc": 0.9959896142653075,
      "TP": 1100,
      "TN": 22519,
      "FP": 79,
      "FN": 5,
      "threshold": 0.012020930072702317,
      "Hit@100%": 0.010150829562594268,
      "Hit@150%": 0.011221719457013573,
      "NDCG@100%": 0.011326230669827138,
      "NDCG@150%": 0.011941766082696597,
      "method": "pot",
      "machine": "machine-3-2"
    },
    "machine-3-7": {
      "f1": 0.8348944427651404,
      "precision": 0.9999999678456603,
      "recall": 0.7165898452398654,
      "roc_auc": 0.8582949308755761,
      "TP": 311,
      "TN": 28271,
      "FP": 0,
      "FN": 123,
      "threshold": 41.18522262573242,
      "Hit@100%": 0.6270787200510703,
      "Hit@150%": 0.8684541265186426,
      "NDCG@100%": 0.645261813423609,
      "NDCG@150%": 0.7962593111909037,
      "method": "pot",
      "machine": "machine-3-7"
    }
  },
  "avg_f1": 0.9246965175818311,
  "avg_precision": 0.9473837165236361,
  "avg_recall": 0.9164777728243261
}